{
  "model_type": "deform_mm = linear_ridge(pressure + dot/camera features)",
  "feature_names": [
    "pressure_delta_hpa",
    "dot_mean_px",
    "dot_max_px",
    "missing_ratio",
    "contact_peak",
    "contact_top_mean",
    "contact_area_ratio",
    "residual_mean_px",
    "residual_peak_px",
    "surface_scale_px"
  ],
  "model": {
    "feature_names": [
      "pressure_delta_hpa",
      "dot_mean_px",
      "dot_max_px",
      "missing_ratio",
      "contact_peak",
      "contact_top_mean",
      "contact_area_ratio",
      "residual_mean_px",
      "residual_peak_px",
      "surface_scale_px"
    ],
    "intercept": 5.0,
    "coefficients": [
      0.41350894070015126,
      0.09162093784986913,
      0.031018637465143762,
      1.1208226850941079,
      0.0,
      0.0,
      0.0,
      0.0,
      0.0,
      0.0
    ],
    "mean": [
      4.888266401016456,
      6.2163013340743865,
      7.963799964249847,
      0.20833333333333334,
      0.0,
      0.0,
      0.0,
      0.0,
      0.0,
      0.0
    ],
    "scale": [
      2.9716174147603525,
      1.78801029542366,
      1.1155970581176766,
      0.12842529172852035,
      1.0,
      1.0,
      1.0,
      1.0,
      1.0,
      1.0
    ],
    "sample_count": 3,
    "r2": 0.9999997763300039
  },
  "samples": [
    {
      "target_mm": 5.0,
      "features": {
        "pressure_delta_hpa": 5.766564034101748,
        "dot_mean_px": 7.084376460562723,
        "dot_max_px": 8.54400374531753,
        "missing_ratio": 0.1875,
        "contact_peak": 0.0,
        "contact_top_mean": 0.0,
        "contact_area_ratio": 0.0,
        "residual_mean_px": 0.0,
        "residual_peak_px": 0.0,
        "surface_scale_px": 0.0
      },
      "feature_std": {
        "pressure_delta_hpa": 0.03546133519103764,
        "dot_mean_px": 0.08067454275137124,
        "dot_max_px": 0.19398303942930523,
        "missing_ratio": 0.0282346219657891,
        "contact_peak": 0.013375767492263118,
        "contact_top_mean": 0.013223778517363434,
        "contact_area_ratio": 0.0,
        "residual_mean_px": 0.8689777879241056,
        "residual_peak_px": 2.7811113407250767,
        "surface_scale_px": 1.875047793628034
      },
      "feature_min": {
        "pressure_delta_hpa": 5.721230057719367,
        "dot_mean_px": 7.016529217354984,
        "dot_max_px": 8.54400374531753,
        "missing_ratio": 0.1875,
        "contact_peak": 0.0,
        "contact_top_mean": 0.0,
        "contact_area_ratio": 0.0,
        "residual_mean_px": 0.0,
        "residual_peak_px": 0.0,
        "surface_scale_px": 0.0
      },
      "feature_max": {
        "pressure_delta_hpa": 5.818961377909318,
        "dot_mean_px": 7.260302148520728,
        "dot_max_px": 9.0,
        "missing_ratio": 0.25,
        "contact_peak": 0.03304849222302434,
        "contact_top_mean": 0.03224843740463257,
        "contact_area_ratio": 0.0,
        "residual_mean_px": 1.9417777061462402,
        "residual_peak_px": 6.421523208618163,
        "surface_scale_px": 3.851225593394694
      },
      "frame_count": 7,
      "capture_seconds": 1.701074958999925,
      "quality": "stable",
      "quality_notes": [],
      "captured_at": "2026-05-08 16:25:42"
    },
    {
      "target_mm": 7.0,
      "features": {
        "pressure_delta_hpa": 8.008220005077646,
        "dot_mean_px": 7.839034396323178,
        "dot_max_px": 8.94427190999916,
        "missing_ratio": 0.375,
        "contact_peak": 0.0,
        "contact_top_mean": 0.0,
        "contact_area_ratio": 0.0,
        "residual_mean_px": 0.0,
        "residual_peak_px": 0.0,
        "surface_scale_px": 0.0
      },
      "feature_std": {
        "pressure_delta_hpa": 0.04420559523545571,
        "dot_mean_px": 0.05143722528074681,
        "dot_max_px": 0.0,
        "missing_ratio": 0.05892556509887896,
        "contact_peak": 0.04405646858608478,
        "contact_top_mean": 0.04166867851136444,
        "contact_area_ratio": 1.2418603180060155,
        "residual_mean_px": 0.8329043739167338,
        "residual_peak_px": 2.285175762473243,
        "surface_scale_px": 1.3682417314311872
      },
      "feature_min": {
        "pressure_delta_hpa": 7.91215820809748,
        "dot_mean_px": 7.773247704603935,
        "dot_max_px": 8.94427190999916,
        "missing_ratio": 0.3125,
        "contact_peak": 0.0,
        "contact_top_mean": 0.0,
        "contact_area_ratio": 0.0,
        "residual_mean_px": 0.0,
        "residual_peak_px": 0.0,
        "surface_scale_px": 0.0
      },
      "feature_max": {
        "pressure_delta_hpa": 8.028511133316897,
        "dot_mean_px": 7.930041943657253,
        "dot_max_px": 8.94427190999916,
        "missing_ratio": 0.4375,
        "contact_peak": 0.10466257333755458,
        "contact_top_mean": 0.09890780597925186,
        "contact_area_ratio": 3.2067437836130077,
        "residual_mean_px": 2.0313398838043213,
        "residual_peak_px": 6.813654994964603,
        "surface_scale_px": 2.9285394868484946
      },
      "frame_count": 9,
      "capture_seconds": 1.5014142580002954,
      "quality": "noisy",
      "quality_notes": [
        "missing dots moderate"
      ],
      "captured_at": "2026-05-08 16:26:39"
    },
    {
      "target_mm": 3.0,
      "features": {
        "pressure_delta_hpa": 0.8900151638699754,
        "dot_mean_px": 3.7254931453372584,
        "dot_max_px": 6.4031242374328485,
        "missing_ratio": 0.0625,
        "contact_peak": 0.0,
        "contact_top_mean": 0.0,
        "contact_area_ratio": 0.0,
        "residual_mean_px": 0.0,
        "residual_peak_px": 0.0,
        "surface_scale_px": 0.0
      },
      "feature_std": {
        "pressure_delta_hpa": 2.273398033691809,
        "dot_mean_px": 0.032643495465747754,
        "dot_max_px": 0.0,
        "missing_ratio": 0.0,
        "contact_peak": 0.03687224907314144,
        "contact_top_mean": 0.03567644619664475,
        "contact_area_ratio": 1.2365059231292408,
        "residual_mean_px": 0.6777329984523983,
        "residual_peak_px": 1.7478376660462427,
        "surface_scale_px": 1.0156294486497894
      },
      "feature_min": {
        "pressure_delta_hpa": -4.495224585825326,
        "dot_mean_px": 3.6802037058175654,
        "dot_max_px": 6.4031242374328485,
        "missing_ratio": 0.0625,
        "contact_peak": 0.0,
        "contact_top_mean": 0.0,
        "contact_area_ratio": 0.0,
        "residual_mean_px": 0.0,
        "residual_peak_px": 0.0,
        "surface_scale_px": 0.0
      },
      "feature_max": {
        "pressure_delta_hpa": 1.1594505249188387,
        "dot_mean_px": 3.7912344614064057,
        "dot_max_px": 6.4031242374328485,
        "missing_ratio": 0.0625,
        "contact_peak": 0.1011516508460042,
        "contact_top_mean": 0.09774764627218246,
        "contact_area_ratio": 3.879542468173104,
        "residual_mean_px": 1.3966389894485474,
        "residual_peak_px": 3.9359147834777817,
        "surface_scale_px": 2.096390285585687
      },
      "frame_count": 9,
      "capture_seconds": 1.5031996960005927,
      "quality": "noisy",
      "quality_notes": [
        "pressure noisy"
      ],
      "captured_at": "2026-05-08 16:27:43"
    }
  ],
  "saved_at": "2026-05-08 16:27:43"
}