elapsed_s,phase,shape_name,target_depth_mm,report_sample_target,trial,indentation_depth_mm,load_force_n,load_kg,pressure_force_n,pressure_kg_eq,pressure_hpa,pressure_delta_hpa,error_kg,dot_mean_px,dot_max_px,missing_ratio,contact_peak,contact_area_ratio,residual_mean_px,residual_peak_px,surface_scale_px
0.000,idle,sample,-2.500,10,1,0.000000,0.014269,0.001455,-2.384810,-0.243183,1037.7151,0.7075,-0.244638,1.626585,3.162278,0.159091,0.156386,47.641614,1.217233,2.685693,1.207043
0.015,down,sample,-2.500,10,1,0.000000,0.014269,0.001455,-2.384810,-0.243183,1037.7151,0.7075,-0.244638,1.626585,3.162278,0.159091,0.156386,47.641614,1.217233,2.685693,1.207043
0.303,down,sample,-2.500,10,1,1.149431,0.014269,0.001455,-2.402581,-0.244995,1037.6872,0.6796,-0.246450,1.626585,3.162278,0.159091,0.156386,47.641614,1.217233,2.685693,1.207043
0.675,settle,sample,-2.500,10,1,2.636303,0.014269,0.001455,-2.402581,-0.244995,1037.6872,0.6796,-0.246450,1.626585,3.162278,0.159091,0.156386,47.641614,1.217233,2.685693,1.207043
0.825,settle,sample,-2.500,10,1,2.636303,0.014269,0.001455,-2.380469,-0.242740,1037.7219,0.7143,-0.244195,1.626585,3.162278,0.159091,0.156386,47.641614,1.217233,2.685693,1.207043
0.947,up,sample,-2.500,10,1,2.636303,0.014269,0.001455,-2.380469,-0.242740,1037.7219,0.7143,-0.244195,1.626585,3.162278,0.159091,0.156386,47.641614,1.217233,2.685693,1.207043
1.335,up,sample,-2.500,10,1,1.084150,0.014269,0.001455,-2.421664,-0.246941,1037.6573,0.6497,-0.248396,1.626585,3.162278,0.159091,0.156386,47.641614,1.217233,2.685693,1.207043
1.697,complete,sample,-2.500,10,1,0.000000,0.013267,0.001353,-2.421664,-0.246941,1037.6573,0.6497,-0.248294,1.626585,3.162278,0.159091,0.156386,47.641614,1.217233,2.685693,1.207043
