name,roundtrip_ms_avg,total_ms_avg,handler_ms_avg,request_read_ms_avg,input_decode_ms_avg,detect_ms_avg,displacement_ms_avg,surface_ms_avg,preview_build_ms_avg,preview_encode_ms_avg,response_bytes_avg,input_bytes_avg,preview_jpeg_bytes_avg,fps_avg
overlay_no_preview_bgr,107.30314833335797,91.36510758321492,103.10253574994022,10.495324083194646,1.1717028332896007,88.65204775005016,1.9559255000179594,,,,741.0,921600.0,,9.319391047998954
surface_full_bgr,300.1994445833134,284.1173209998639,296.00380191656467,8.865531249966807,0.41997674998128787,85.1842755001447,1.9745848333059257,188.76532166662705,188.781281083493,2.827797999922647,20109.416666666668,921600.0,13960.583333333334,3.3311187546933425
surface_480proc_bgr,236.06763774993547,220.67487166676378,230.5158107499968,8.679188750041552,0.6723664999602382,84.28751900009956,1.9975193332963197,130.6342370000948,130.65288766665617,2.826066000125138,24047.666666666668,921600.0,16913.5,4.23607407407233
surface_360proc_bgr,195.5397306667237,180.85026566677698,190.760494166625,8.772029333234363,0.5993085834082498,83.22453916677357,1.966316250066787,92.98797108332717,93.00674758333116,1.7892584166929737,17943.75,921600.0,12336.75,5.114050206524994
surface_320proc_bgr_default,184.65831783320633,169.78876191660675,180.04846133332344,9.00966991654665,1.0843564999352868,86.72663108336565,1.9774360832798266,78.71452666662056,78.73308191665274,1.4815504167321099,16498.916666666668,921600.0,11254.333333333334,5.415407287004832
surface_240proc_bgr,166.14248758340486,151.99713924994285,162.06461516677942,8.869275333381665,1.093271583461804,83.99123683322311,2.0030701668171482,64.17011316663472,64.1876524999437,0.9803823331822059,10330.166666666666,921600.0,6628.083333333333,6.01892998320488
surface_320proc_gray,174.68809724997905,166.7862550833282,169.59042333329913,1.7149377498905476,0.41971191664439783,83.78554258342774,2.0064254166906417,78.64539558340766,78.66310466670257,1.4751177499571593,16500.833333333332,307200.0,11254.333333333334,5.724488478279077
surface_320proc_jpeg,177.25292466661813,167.748878500106,173.5891220831339,0.08724208328203531,5.6357809167669375,84.62098266666847,1.9828395832822328,78.74620258326104,78.76417599997392,1.5005655832283082,16515.0,21008.916666666668,11264.833333333334,5.641655853525835
